<?xml version="1.0" encoding="utf-8" standalone="no"?>
<dublin_core schema="dc">
  <dcvalue element="contributor" qualifier="author" language="">Stab,&#x20;Christian</dcvalue>
  <dcvalue element="contributor" qualifier="author" language="">Miller,&#x20;Tristan</dcvalue>
  <dcvalue element="contributor" qualifier="author" language="">Rai,&#x20;Pranav</dcvalue>
  <dcvalue element="contributor" qualifier="author" language="">Schiller,&#x20;Benjamin</dcvalue>
  <dcvalue element="contributor" qualifier="author" language="">Gurevych,&#x20;Iryna</dcvalue>
  <dcvalue element="description" qualifier="none" language="en_US">The&#x20;UKP&#x20;Sentential&#x20;Argument&#x20;Mining&#x20;Corpus&#x20;includes&#x20;25,492&#x20;sentences&#x20;over&#x20;eight&#x20;controversial&#x20;topics.&#x20;Each&#x20;sentence&#x20;was&#x20;annotated&#x20;via&#x20;crowdsourcing&#x20;as&#x20;either&#x20;a&#x20;supporting&#x20;argument,&#x20;an&#x20;attacking&#x20;argument,&#x20;or&#x20;not&#x20;an&#x20;argument&#x20;with&#x20;respect&#x20;to&#x20;the&#x20;topic.&#x20;See&#x20;the&#x20;readme.txt&#x20;in&#x20;the&#x20;archive&#x20;for&#x20;a&#x20;data&#x20;format&#x20;description.&#x0D;&#x0A;The&#x20;annotations&#x20;(not&#x20;the&#x20;annotated&#x20;sentences)&#x20;are&#x20;released&#x20;under&#x20;the&#x20;&#x0D;&#x0A;Creative&#x20;Commons&#x20;Attribution-NonCommercial&#x20;licence&#x20;(CC&#x20;BY-NC).</dcvalue>
  <dcvalue element="language" qualifier="iso" language="en_US">en</dcvalue>
  <dcvalue element="relation" qualifier="none" language="">IsCitedBy;DOI;10.18653&#x2F;v1&#x2F;D18-1402</dcvalue>
  <dcvalue element="relation" qualifier="none" language="">IsCitedBy;URL;https:&#x2F;&#x2F;www.aclweb.org&#x2F;anthology&#x2F;D18-1402</dcvalue>
  <dcvalue element="rights" qualifier="none" language="">in&#x20;Copyright</dcvalue>
  <dcvalue element="rights" qualifier="uri" language="">https:&#x2F;&#x2F;rightsstatements.org&#x2F;vocab&#x2F;InC&#x2F;1.0&#x2F;</dcvalue>
  <dcvalue element="subject" qualifier="none" language="en_US">argument&#x20;mining</dcvalue>
  <dcvalue element="subject" qualifier="none" language="en_US">argument&#x20;detection</dcvalue>
  <dcvalue element="subject" qualifier="none" language="en_US">cross-topic</dcvalue>
  <dcvalue element="subject" qualifier="classification" language="en_US">409-05&#x20;Interaktive&#x20;und&#x20;intelligente&#x20;Systeme,&#x20;Bild-&#x20;und&#x20;Sprachverarbeitung,&#x20;Computergraphik&#x20;und&#x20;Visualisierung</dcvalue>
  <dcvalue element="subject" qualifier="ddc" language="">004</dcvalue>
  <dcvalue element="title" qualifier="none" language="en_US">UKP&#x20;Sentential&#x20;Argument&#x20;Mining&#x20;Corpus</dcvalue>
  <dcvalue element="type" qualifier="none" language="en_US">Dataset</dcvalue>
  <dcvalue element="description" qualifier="version" language="en_US">1.0</dcvalue>
  <dcvalue element="date" qualifier="issued">2018</dcvalue>
</dublin_core>
